﻿<AML>
 <Item type="ItemType" id="3D665316A4C54CBABCA6CE8DF4C00CA4" action="add">
  <allow_private_permission>1</allow_private_permission>
  <auto_search>1</auto_search>
  <enforce_discovery>1</enforce_discovery>
  <hide_where_used>0</hide_where_used>
  <history_template keyed_name="Default" type="History Template">3BC16EF9E52B4F9792AB76BCE0492F29</history_template>
  <implementation_type>table</implementation_type>
  <instance_data>STUDENT</instance_data>
  <is_dependent>0</is_dependent>
  <is_relationship>0</is_relationship>
  <is_versionable>1</is_versionable>
  <label xml:lang="en">Student</label>
  <label_plural xml:lang="en">Students</label_plural>
  <large_icon>../Images/ClaimedByMe.svg</large_icon>
  <manual_versioning>0</manual_versioning>
  <open_icon>../Images/ClaimedByMe.svg</open_icon>
  <revisions keyed_name="Default" type="Revision">7FE395DD8B9F4E1090756A34B733D75E</revisions>
  <show_parameters_tab>1</show_parameters_tab>
  <structure_view>tabs on</structure_view>
  <unlock_on_logout>0</unlock_on_logout>
  <use_src_access>0</use_src_access>
  <name>Student</name>
  <Relationships>
   <Item type="ITPresentationConfiguration" id="6F69255B8979E4396B77D6069BFA2DFF" action="add">
    <client>js</client>
    <related_id keyed_name="Student_TOC_Configuration" type="PresentationConfiguration">6F69255B8979E43936326AA7318BB90D</related_id>
    <sort_order>128</sort_order>
    <source_id keyed_name="Student" type="ItemType" name="Student">3D665316A4C54CBABCA6CE8DF4C00CA4</source_id>
   </Item>
   <Item type="Property" id="A74C5543720F4C7595D3FA125560385A" action="add">
    <column_alignment>left</column_alignment>
    <data_type>text</data_type>
    <is_hidden>0</is_hidden>
    <is_hidden2>0</is_hidden2>
    <is_indexed>0</is_indexed>
    <is_keyed>0</is_keyed>
    <is_multi_valued>0</is_multi_valued>
    <is_required>0</is_required>
    <label xml:lang="en">Address</label>
    <range_inclusive>0</range_inclusive>
    <readonly>0</readonly>
    <sort_order>3968</sort_order>
    <source_id keyed_name="Student" type="ItemType" name="Student">3D665316A4C54CBABCA6CE8DF4C00CA4</source_id>
    <track_history>0</track_history>
    <name>stud_address</name>
   </Item>
   <Item type="Property" id="169A05182DFA47ED9D96F35E383389BD" action="add">
    <column_alignment>left</column_alignment>
    <data_type>ml_string</data_type>
    <is_hidden>0</is_hidden>
    <is_hidden2>0</is_hidden2>
    <is_indexed>0</is_indexed>
    <is_keyed>0</is_keyed>
    <is_multi_valued>0</is_multi_valued>
    <is_required>0</is_required>
    <label xml:lang="en">Email Address</label>
    <range_inclusive>0</range_inclusive>
    <readonly>0</readonly>
    <sort_order>3840</sort_order>
    <source_id keyed_name="Student" type="ItemType" name="Student">3D665316A4C54CBABCA6CE8DF4C00CA4</source_id>
    <stored_length>30</stored_length>
    <track_history>0</track_history>
    <name>stud_email</name>
   </Item>
   <Item type="Property" id="4F5693D53C524D49A5DBC7239046F20F" action="add">
    <column_alignment>left</column_alignment>
    <data_type>text</data_type>
    <is_hidden>0</is_hidden>
    <is_hidden2>0</is_hidden2>
    <is_indexed>0</is_indexed>
    <is_keyed>0</is_keyed>
    <is_multi_valued>0</is_multi_valued>
    <is_required>0</is_required>
    <label xml:lang="en">Grade</label>
    <range_inclusive>0</range_inclusive>
    <readonly>0</readonly>
    <sort_order>4352</sort_order>
    <source_id keyed_name="Student" type="ItemType" name="Student">3D665316A4C54CBABCA6CE8DF4C00CA4</source_id>
    <track_history>0</track_history>
    <name>stud_grade</name>
   </Item>
   <Item type="Property" id="0BC76EC0B78F422CB924FFBD49381770" action="add">
    <column_alignment>left</column_alignment>
    <data_type>string</data_type>
    <is_hidden>0</is_hidden>
    <is_hidden2>0</is_hidden2>
    <is_indexed>0</is_indexed>
    <is_keyed>0</is_keyed>
    <is_multi_valued>0</is_multi_valued>
    <is_required>0</is_required>
    <label xml:lang="en">stud_mobileNo</label>
    <range_inclusive>0</range_inclusive>
    <readonly>0</readonly>
    <sort_order>3712</sort_order>
    <source_id keyed_name="Student" type="ItemType" name="Student">3D665316A4C54CBABCA6CE8DF4C00CA4</source_id>
    <stored_length>30</stored_length>
    <track_history>0</track_history>
    <name>stud_mobileno</name>
   </Item>
   <Item type="Property" id="AD848B29D3594DF798B1222AF404BF37" action="add">
    <column_alignment>left</column_alignment>
    <data_type>string</data_type>
    <is_hidden>0</is_hidden>
    <is_hidden2>0</is_hidden2>
    <is_indexed>0</is_indexed>
    <is_keyed>0</is_keyed>
    <is_multi_valued>0</is_multi_valued>
    <is_required>0</is_required>
    <label xml:lang="en">Student Name</label>
    <range_inclusive>0</range_inclusive>
    <readonly>0</readonly>
    <sort_order>3456</sort_order>
    <source_id keyed_name="Student" type="ItemType" name="Student">3D665316A4C54CBABCA6CE8DF4C00CA4</source_id>
    <stored_length>30</stored_length>
    <track_history>0</track_history>
    <name>stud_name</name>
   </Item>
   <Item type="Property" id="E3FF696862C64FCFB954ADA73D967A83" action="add">
    <column_alignment>left</column_alignment>
    <data_type>string</data_type>
    <is_hidden>0</is_hidden>
    <is_hidden2>0</is_hidden2>
    <is_indexed>0</is_indexed>
    <is_keyed>0</is_keyed>
    <is_multi_valued>0</is_multi_valued>
    <is_required>1</is_required>
    <label xml:lang="en">Parent</label>
    <range_inclusive>0</range_inclusive>
    <readonly>0</readonly>
    <sort_order>3584</sort_order>
    <source_id keyed_name="Student" type="ItemType" name="Student">3D665316A4C54CBABCA6CE8DF4C00CA4</source_id>
    <stored_length>30</stored_length>
    <track_history>0</track_history>
    <name>stud_parent</name>
   </Item>
   <Item type="Property" id="11581289DD3B474B9152230E315E4E68" action="add">
    <column_alignment>left</column_alignment>
    <data_type>float</data_type>
    <is_hidden>0</is_hidden>
    <is_hidden2>0</is_hidden2>
    <is_indexed>0</is_indexed>
    <is_keyed>0</is_keyed>
    <is_multi_valued>0</is_multi_valued>
    <is_required>0</is_required>
    <label xml:lang="en">Percentage</label>
    <range_inclusive>0</range_inclusive>
    <readonly>0</readonly>
    <sort_order>4224</sort_order>
    <source_id keyed_name="Student" type="ItemType" name="Student">3D665316A4C54CBABCA6CE8DF4C00CA4</source_id>
    <track_history>0</track_history>
    <name>stud_percentage</name>
   </Item>
   <Item type="Property" id="97E3E5A1766249AAB7483F33BCA6580B" action="add">
    <column_alignment>left</column_alignment>
    <data_type>integer</data_type>
    <is_hidden>0</is_hidden>
    <is_hidden2>0</is_hidden2>
    <is_indexed>0</is_indexed>
    <is_keyed>0</is_keyed>
    <is_multi_valued>0</is_multi_valued>
    <is_required>0</is_required>
    <label xml:lang="en">Roll Number</label>
    <range_inclusive>0</range_inclusive>
    <readonly>0</readonly>
    <sort_order>4096</sort_order>
    <source_id keyed_name="Student" type="ItemType" name="Student">3D665316A4C54CBABCA6CE8DF4C00CA4</source_id>
    <track_history>0</track_history>
    <name>stud_rollno</name>
   </Item>
   <Item type="View" id="FC01AA9AD56A41BB91A40223680B26E5" action="add">
    <client>js</client>
    <related_id keyed_name="Student" type="Form">084E6E111CBC4F10B920060C3CBA348E</related_id>
    <role keyed_name="World" type="Identity">
     <Item type="Identity" action="get" select="id">
      <name>World</name>
     </Item>
    </role>
    <show_ssvc>0</show_ssvc>
    <sort_order>128</sort_order>
    <source_id keyed_name="Student" type="ItemType" name="Student">3D665316A4C54CBABCA6CE8DF4C00CA4</source_id>
    <type>default</type>
   </Item>
   <Item type="Server Event" id="BC7DAE6EE31E467EBE8DC0B8D48D8D7F" action="add">
    <event_version>version_1</event_version>
    <is_required>0</is_required>
    <related_id keyed_name="Student Mobile" type="Method">
     <Item type="Method" action="get" select="id">
      <name>Student Mobile</name>
     </Item>
    </related_id>
    <server_event>onAfterAdd</server_event>
    <sort_order>128</sort_order>
    <source_id keyed_name="Student" type="ItemType" name="Student">3D665316A4C54CBABCA6CE8DF4C00CA4</source_id>
   </Item>
   <Item type="Server Event" id="C9A1CF5B36354F729007F6E3540DD153" action="add">
    <event_version>version_1</event_version>
    <is_required>0</is_required>
    <related_id keyed_name="Student Email" type="Method">
     <Item type="Method" action="get" select="id">
      <name>Student Email</name>
     </Item>
    </related_id>
    <server_event>onAfterAdd</server_event>
    <sort_order>256</sort_order>
    <source_id keyed_name="Student" type="ItemType" name="Student">3D665316A4C54CBABCA6CE8DF4C00CA4</source_id>
   </Item>
   <Item type="Item Action" id="1BD2C4CE56574B3F9CB64E6356B95591" action="add">
    <related_id keyed_name="Calculate" type="Action">5CDB2ACCF49443AABF706843B5354047</related_id>
    <sort_order>128</sort_order>
    <source_id keyed_name="Student" type="ItemType" name="Student">3D665316A4C54CBABCA6CE8DF4C00CA4</source_id>
   </Item>
   <Item type="ItemType Life Cycle" id="4DB04AE9F9C54A95910D46F9C3A202AB" action="add">
    <related_id keyed_name="Student" type="Life Cycle Map">79B5F64B073941B682901A325A321EF4</related_id>
    <sort_order>128</sort_order>
    <source_id keyed_name="Student" type="ItemType" name="Student">3D665316A4C54CBABCA6CE8DF4C00CA4</source_id>
   </Item>
   <Item type="Allowed Workflow" id="5F1026B519CF4D1E93C09B21836C6811" action="add">
    <is_default>1</is_default>
    <related_id keyed_name="Student" type="Workflow Map">58263759277D4BA79D0988CD9E61272E</related_id>
    <sort_order>128</sort_order>
    <source_id keyed_name="Student" type="ItemType" name="Student">3D665316A4C54CBABCA6CE8DF4C00CA4</source_id>
   </Item>
   <Item type="TOC Access" id="6AED4B5394104ECEBA41AC12E069D533" action="add">
    <related_id keyed_name="World" type="Identity">
     <Item type="Identity" action="get" select="id">
      <name>World</name>
     </Item>
    </related_id>
    <sort_order>128</sort_order>
    <source_id keyed_name="Student" type="ItemType" name="Student">3D665316A4C54CBABCA6CE8DF4C00CA4</source_id>
    <category>MP</category>
   </Item>
   <Item type="Client Event" id="3399E02F973E49F0AB50D274F77E0F23" action="add">
    <related_id keyed_name="Student Grade" type="Method">
     <Item type="Method" action="get" select="id">
      <name>Student Grade</name>
     </Item>
    </related_id>
    <sort_order>128</sort_order>
    <source_id keyed_name="Student" type="ItemType" name="Student">3D665316A4C54CBABCA6CE8DF4C00CA4</source_id>
   </Item>
   <Item type="Can Add" id="87B28C8D6E4C4AE080294B625975A451" action="add">
    <can_add>1</can_add>
    <related_id keyed_name="World" type="Identity">
     <Item type="Identity" action="get" select="id">
      <name>World</name>
     </Item>
    </related_id>
    <sort_order>128</sort_order>
    <source_id keyed_name="Student" type="ItemType" name="Student">3D665316A4C54CBABCA6CE8DF4C00CA4</source_id>
   </Item>
   <Item type="Can Add" id="457BC759D96A4A79A6A15042CDED3669" action="add">
    <can_add>1</can_add>
    <related_id keyed_name="Officestaff" type="Identity">88EFDA8D2BC742D09DFF66ECD3203E65</related_id>
    <sort_order>256</sort_order>
    <source_id keyed_name="Student" type="ItemType" name="Student">3D665316A4C54CBABCA6CE8DF4C00CA4</source_id>
   </Item>
   <Item type="Can Add" id="910FF3FD540543D5B60CAE37F4576900" action="add">
    <can_add>1</can_add>
    <related_id keyed_name="Principal" type="Identity">2C0B38AE6C14492EA6DAE3E748DBF3BD</related_id>
    <sort_order>384</sort_order>
    <source_id keyed_name="Student" type="ItemType" name="Student">3D665316A4C54CBABCA6CE8DF4C00CA4</source_id>
   </Item>
   <Item type="Allowed Permission" id="F34FCD9C3B8440819313E295EBC54A10" action="add">
    <is_default>1</is_default>
    <related_id keyed_name="Default Access" type="Permission">9122CD065CF04141B8EFE263FC80BEA4</related_id>
    <sort_order>128</sort_order>
    <source_id keyed_name="Student" type="ItemType" name="Student">3D665316A4C54CBABCA6CE8DF4C00CA4</source_id>
   </Item>
   <Item type="Allowed Permission" id="8E1B7FE9F553458B960663292070F300" action="add">
    <is_default>0</is_default>
    <related_id keyed_name="Student" type="Permission">66B07B4A397A4D98A93AD518FCE2340D</related_id>
    <sort_order>256</sort_order>
    <source_id keyed_name="Student" type="ItemType" name="Student">3D665316A4C54CBABCA6CE8DF4C00CA4</source_id>
   </Item>
  </Relationships>
 </Item>
 <Item type="ItemType" id="3D665316A4C54CBABCA6CE8DF4C00CA4" action="edit">
  <Relationships>
   <Item type="Property" action="edit" where="source_id='3D665316A4C54CBABCA6CE8DF4C00CA4' and name='superseded_date'">
    <column_alignment>left</column_alignment>
    <data_type>date</data_type>
    <is_hidden>1</is_hidden>
    <is_hidden2>1</is_hidden2>
    <is_indexed>0</is_indexed>
    <is_keyed>0</is_keyed>
    <is_multi_valued>0</is_multi_valued>
    <is_required>0</is_required>
    <label xml:lang="en">Superseded Date</label>
    <pattern>short_date_time</pattern>
    <range_inclusive>0</range_inclusive>
    <readonly>0</readonly>
    <sort_order>3200</sort_order>
    <source_id keyed_name="Student" type="ItemType" name="Student">3D665316A4C54CBABCA6CE8DF4C00CA4</source_id>
    <track_history>0</track_history>
    <name>superseded_date</name>
   </Item>
  </Relationships>
 </Item>
</AML>