﻿<AML>
 <Item type="ItemType" id="83D6C2FE4F574AAEB97994399FDC2CF5" action="add">
  <allow_private_permission>1</allow_private_permission>
  <auto_search>1</auto_search>
  <enforce_discovery>1</enforce_discovery>
  <hide_where_used>0</hide_where_used>
  <history_template keyed_name="Default" type="History Template">3BC16EF9E52B4F9792AB76BCE0492F29</history_template>
  <implementation_type>table</implementation_type>
  <instance_data>STUDENT_MARK</instance_data>
  <is_dependent>0</is_dependent>
  <is_relationship>0</is_relationship>
  <is_versionable>1</is_versionable>
  <label xml:lang="en">Student Mark</label>
  <label_plural xml:lang="en">Student Marks</label_plural>
  <large_icon>../Images/APQPCatalog.svg</large_icon>
  <manual_versioning>0</manual_versioning>
  <open_icon>../Images/APQPCatalog.svg</open_icon>
  <revisions keyed_name="Default" type="Revision">7FE395DD8B9F4E1090756A34B733D75E</revisions>
  <show_parameters_tab>1</show_parameters_tab>
  <structure_view>tabs on</structure_view>
  <unlock_on_logout>0</unlock_on_logout>
  <use_src_access>0</use_src_access>
  <name>Student Mark</name>
  <Relationships>
   <Item type="ITPresentationConfiguration" id="54EB6B8F3B07CBC16B77D6069BFA2DFF" action="add">
    <client>js</client>
    <related_id keyed_name="Student Mark_TOC_Configuration" type="PresentationConfiguration">54EB6B8F3B07CBC136326AA7318BB90D</related_id>
    <sort_order>128</sort_order>
    <source_id keyed_name="Student Mark" type="ItemType" name="Student Mark">83D6C2FE4F574AAEB97994399FDC2CF5</source_id>
   </Item>
   <Item type="Property" id="7FF06F45C0C24571A39E44BFD2F785AF" action="add">
    <column_alignment>left</column_alignment>
    <data_type>string</data_type>
    <is_hidden>0</is_hidden>
    <is_hidden2>0</is_hidden2>
    <is_indexed>0</is_indexed>
    <is_keyed>0</is_keyed>
    <is_multi_valued>0</is_multi_valued>
    <is_required>0</is_required>
    <label xml:lang="en">Grade</label>
    <range_inclusive>0</range_inclusive>
    <readonly>0</readonly>
    <sort_order>4736</sort_order>
    <source_id keyed_name="Student Mark" type="ItemType" name="Student Mark">83D6C2FE4F574AAEB97994399FDC2CF5</source_id>
    <stored_length>30</stored_length>
    <track_history>0</track_history>
    <name>grade</name>
   </Item>
   <Item type="Property" id="5EC6BE1E9A1242BE8BEEA13C2F2B3BFA" action="add">
    <column_alignment>left</column_alignment>
    <data_type>float</data_type>
    <is_hidden>0</is_hidden>
    <is_hidden2>0</is_hidden2>
    <is_indexed>0</is_indexed>
    <is_keyed>0</is_keyed>
    <is_multi_valued>0</is_multi_valued>
    <is_required>0</is_required>
    <label xml:lang="en">English</label>
    <range_inclusive>0</range_inclusive>
    <readonly>0</readonly>
    <sort_order>4224</sort_order>
    <source_id keyed_name="Student Mark" type="ItemType" name="Student Mark">83D6C2FE4F574AAEB97994399FDC2CF5</source_id>
    <track_history>0</track_history>
    <name>mark_english</name>
   </Item>
   <Item type="Property" id="622557364A054D50901D1A0FE4B31C00" action="add">
    <column_alignment>left</column_alignment>
    <data_type>float</data_type>
    <is_hidden>0</is_hidden>
    <is_hidden2>0</is_hidden2>
    <is_indexed>0</is_indexed>
    <is_keyed>0</is_keyed>
    <is_multi_valued>0</is_multi_valued>
    <is_required>0</is_required>
    <label xml:lang="en">Hindi</label>
    <range_inclusive>0</range_inclusive>
    <readonly>0</readonly>
    <sort_order>4352</sort_order>
    <source_id keyed_name="Student Mark" type="ItemType" name="Student Mark">83D6C2FE4F574AAEB97994399FDC2CF5</source_id>
    <track_history>0</track_history>
    <name>mark_hindi</name>
   </Item>
   <Item type="Property" id="4C7246F0188449AD977D04AB11735B1F" action="add">
    <column_alignment>left</column_alignment>
    <data_type>float</data_type>
    <is_hidden>0</is_hidden>
    <is_hidden2>0</is_hidden2>
    <is_indexed>0</is_indexed>
    <is_keyed>0</is_keyed>
    <is_multi_valued>0</is_multi_valued>
    <is_required>0</is_required>
    <label xml:lang="en">History</label>
    <range_inclusive>0</range_inclusive>
    <readonly>0</readonly>
    <sort_order>3968</sort_order>
    <source_id keyed_name="Student Mark" type="ItemType" name="Student Mark">83D6C2FE4F574AAEB97994399FDC2CF5</source_id>
    <track_history>0</track_history>
    <name>mark_history</name>
   </Item>
   <Item type="Property" id="B182693EF63D4BE59879218EC849E9B3" action="add">
    <column_alignment>left</column_alignment>
    <data_type>float</data_type>
    <is_hidden>0</is_hidden>
    <is_hidden2>0</is_hidden2>
    <is_indexed>0</is_indexed>
    <is_keyed>0</is_keyed>
    <is_multi_valued>0</is_multi_valued>
    <is_required>0</is_required>
    <label xml:lang="en">Marathi</label>
    <range_inclusive>0</range_inclusive>
    <readonly>0</readonly>
    <sort_order>4480</sort_order>
    <source_id keyed_name="Student Mark" type="ItemType" name="Student Mark">83D6C2FE4F574AAEB97994399FDC2CF5</source_id>
    <track_history>0</track_history>
    <name>mark_marathi</name>
   </Item>
   <Item type="Property" id="3FBC628F3DB741CF9485404A5BA86193" action="add">
    <column_alignment>left</column_alignment>
    <data_type>float</data_type>
    <is_hidden>0</is_hidden>
    <is_hidden2>0</is_hidden2>
    <is_indexed>0</is_indexed>
    <is_keyed>0</is_keyed>
    <is_multi_valued>0</is_multi_valued>
    <is_required>0</is_required>
    <label xml:lang="en">Math</label>
    <range_inclusive>0</range_inclusive>
    <readonly>0</readonly>
    <sort_order>3840</sort_order>
    <source_id keyed_name="Student Mark" type="ItemType" name="Student Mark">83D6C2FE4F574AAEB97994399FDC2CF5</source_id>
    <track_history>0</track_history>
    <name>mark_math</name>
   </Item>
   <Item type="Property" id="61144E7890AA47F0A3F681CD62BDAF00" action="add">
    <column_alignment>left</column_alignment>
    <data_source>
     <Item type="Property" action="get" select="id">
      <name>mark_student</name>
      <source_id>83D6C2FE4F574AAEB97994399FDC2CF5</source_id>
     </Item>
    </data_source>
    <data_type>foreign</data_type>
    <foreign_property>
     <Item type="Property" action="get" select="id">
      <keyed_name>stud_name</keyed_name>
      <source_id>
       <Item type="ItemType" action="get" select="id">
        <name>Student</name>
       </Item>
      </source_id>
     </Item>
    </foreign_property>
    <is_hidden>0</is_hidden>
    <is_hidden2>0</is_hidden2>
    <is_indexed>0</is_indexed>
    <is_keyed>0</is_keyed>
    <is_multi_valued>0</is_multi_valued>
    <is_required>0</is_required>
    <label xml:lang="en">Student Name</label>
    <range_inclusive>0</range_inclusive>
    <readonly>0</readonly>
    <sort_order>3584</sort_order>
    <source_id keyed_name="Student Mark" type="ItemType" name="Student Mark">83D6C2FE4F574AAEB97994399FDC2CF5</source_id>
    <track_history>0</track_history>
    <name>mark_name</name>
   </Item>
   <Item type="Property" id="7DADD344B3CC4F41AA111D6C75146393" action="add">
    <column_alignment>left</column_alignment>
    <data_source>
     <Item type="Property" action="get" select="id">
      <name>mark_student</name>
      <source_id>83D6C2FE4F574AAEB97994399FDC2CF5</source_id>
     </Item>
    </data_source>
    <data_type>foreign</data_type>
    <foreign_property>
     <Item type="Property" action="get" select="id">
      <keyed_name>stud_rollno</keyed_name>
      <source_id>
       <Item type="ItemType" action="get" select="id">
        <name>Student</name>
       </Item>
      </source_id>
     </Item>
    </foreign_property>
    <is_hidden>0</is_hidden>
    <is_hidden2>0</is_hidden2>
    <is_indexed>0</is_indexed>
    <is_keyed>0</is_keyed>
    <is_multi_valued>0</is_multi_valued>
    <is_required>0</is_required>
    <label xml:lang="en">Roll Number</label>
    <range_inclusive>0</range_inclusive>
    <readonly>0</readonly>
    <sort_order>3712</sort_order>
    <source_id keyed_name="Student Mark" type="ItemType" name="Student Mark">83D6C2FE4F574AAEB97994399FDC2CF5</source_id>
    <track_history>0</track_history>
    <name>mark_rollno</name>
   </Item>
   <Item type="Property" id="DC991FC61D874595A01AAE8121720B3A" action="add">
    <column_alignment>left</column_alignment>
    <data_type>float</data_type>
    <is_hidden>0</is_hidden>
    <is_hidden2>0</is_hidden2>
    <is_indexed>0</is_indexed>
    <is_keyed>0</is_keyed>
    <is_multi_valued>0</is_multi_valued>
    <is_required>0</is_required>
    <label xml:lang="en">Science</label>
    <range_inclusive>0</range_inclusive>
    <readonly>0</readonly>
    <sort_order>4096</sort_order>
    <source_id keyed_name="Student Mark" type="ItemType" name="Student Mark">83D6C2FE4F574AAEB97994399FDC2CF5</source_id>
    <track_history>0</track_history>
    <name>mark_science</name>
   </Item>
   <Item type="Property" id="622490AE208743B6B43F79FA020D3A33" action="add">
    <column_alignment>left</column_alignment>
    <data_source keyed_name="Student" type="ItemType" name="Student">3D665316A4C54CBABCA6CE8DF4C00CA4</data_source>
    <data_type>item</data_type>
    <is_hidden>0</is_hidden>
    <is_hidden2>0</is_hidden2>
    <is_indexed>0</is_indexed>
    <is_keyed>0</is_keyed>
    <is_multi_valued>0</is_multi_valued>
    <is_required>0</is_required>
    <label xml:lang="en">Student</label>
    <range_inclusive>0</range_inclusive>
    <readonly>0</readonly>
    <sort_order>3456</sort_order>
    <source_id keyed_name="Student Mark" type="ItemType" name="Student Mark">83D6C2FE4F574AAEB97994399FDC2CF5</source_id>
    <track_history>0</track_history>
    <name>mark_student</name>
   </Item>
   <Item type="Property" id="6C48F5F9357A446F9004366CDC1491B4" action="add">
    <column_alignment>left</column_alignment>
    <data_type>float</data_type>
    <is_hidden>0</is_hidden>
    <is_hidden2>0</is_hidden2>
    <is_indexed>0</is_indexed>
    <is_keyed>0</is_keyed>
    <is_multi_valued>0</is_multi_valued>
    <is_required>0</is_required>
    <label xml:lang="en">Percentage</label>
    <range_inclusive>0</range_inclusive>
    <readonly>0</readonly>
    <sort_order>4608</sort_order>
    <source_id keyed_name="Student Mark" type="ItemType" name="Student Mark">83D6C2FE4F574AAEB97994399FDC2CF5</source_id>
    <track_history>0</track_history>
    <name>percentage</name>
   </Item>
   <Item type="View" id="F2F57AAE15FD4BF5928C57164DE4622C" action="add">
    <client>js</client>
    <related_id keyed_name="Student Mark" type="Form">A42AC65265BB4053B849527600ADEB7B</related_id>
    <role keyed_name="World" type="Identity">
     <Item type="Identity" action="get" select="id">
      <name>World</name>
     </Item>
    </role>
    <show_ssvc>0</show_ssvc>
    <sort_order>128</sort_order>
    <source_id keyed_name="Student Mark" type="ItemType" name="Student Mark">83D6C2FE4F574AAEB97994399FDC2CF5</source_id>
    <type>default</type>
   </Item>
   <Item type="Server Event" id="50CF72A8D9B748D5A0D8CA583EB8C4D4" action="add">
    <event_version>version_1</event_version>
    <is_required>0</is_required>
    <related_id keyed_name="Student Mark" type="Method">
     <Item type="Method" action="get" select="id">
      <name>Student Mark</name>
     </Item>
    </related_id>
    <server_event>onAfterAdd</server_event>
    <sort_order>128</sort_order>
    <source_id keyed_name="Student Mark" type="ItemType" name="Student Mark">83D6C2FE4F574AAEB97994399FDC2CF5</source_id>
   </Item>
   <Item type="Server Event" id="B3DB1F145F8A4FC7BECAD94DC411B649" action="add">
    <event_version>version_1</event_version>
    <is_required>0</is_required>
    <related_id keyed_name="Student_gradePercentage" type="Method">
     <Item type="Method" action="get" select="id">
      <name>Student_gradePercentage</name>
     </Item>
    </related_id>
    <server_event>onAfterAdd</server_event>
    <sort_order>256</sort_order>
    <source_id keyed_name="Student Mark" type="ItemType" name="Student Mark">83D6C2FE4F574AAEB97994399FDC2CF5</source_id>
   </Item>
   <Item type="TOC Access" id="E5B41FA41142468B9B49F6DD7370F9E5" action="add">
    <related_id keyed_name="World" type="Identity">
     <Item type="Identity" action="get" select="id">
      <name>World</name>
     </Item>
    </related_id>
    <sort_order>128</sort_order>
    <source_id keyed_name="Student Mark" type="ItemType" name="Student Mark">83D6C2FE4F574AAEB97994399FDC2CF5</source_id>
    <category>MP</category>
   </Item>
   <Item type="Client Event" id="9B29760AF68B4409941F0A2B2048FF0D" action="add">
    <related_id keyed_name="Student Percentage" type="Method">
     <Item type="Method" action="get" select="id">
      <name>Student Percentage</name>
     </Item>
    </related_id>
    <sort_order>128</sort_order>
    <source_id keyed_name="Student Mark" type="ItemType" name="Student Mark">83D6C2FE4F574AAEB97994399FDC2CF5</source_id>
   </Item>
   <Item type="Can Add" id="180132C003A14752B9519165324C6706" action="add">
    <can_add>1</can_add>
    <related_id keyed_name="World" type="Identity">
     <Item type="Identity" action="get" select="id">
      <name>World</name>
     </Item>
    </related_id>
    <sort_order>128</sort_order>
    <source_id keyed_name="Student Mark" type="ItemType" name="Student Mark">83D6C2FE4F574AAEB97994399FDC2CF5</source_id>
   </Item>
   <Item type="Can Add" id="97308F04F16A4803980364B52FC86D4A" action="add">
    <can_add>1</can_add>
    <related_id keyed_name="Principal" type="Identity">2C0B38AE6C14492EA6DAE3E748DBF3BD</related_id>
    <sort_order>256</sort_order>
    <source_id keyed_name="Student Mark" type="ItemType" name="Student Mark">83D6C2FE4F574AAEB97994399FDC2CF5</source_id>
   </Item>
   <Item type="Can Add" id="ECC077D960B4468BB913647406D34019" action="add">
    <can_add>1</can_add>
    <related_id keyed_name="Teacher" type="Identity">FFB00F98A3224AAA9ABD01474A73E062</related_id>
    <sort_order>384</sort_order>
    <source_id keyed_name="Student Mark" type="ItemType" name="Student Mark">83D6C2FE4F574AAEB97994399FDC2CF5</source_id>
   </Item>
   <Item type="Allowed Permission" id="A28FE308C013481681CD965BA72238D0" action="add">
    <is_default>1</is_default>
    <related_id keyed_name="Default Access" type="Permission">9122CD065CF04141B8EFE263FC80BEA4</related_id>
    <sort_order>128</sort_order>
    <source_id keyed_name="Student Mark" type="ItemType" name="Student Mark">83D6C2FE4F574AAEB97994399FDC2CF5</source_id>
   </Item>
   <Item type="Allowed Permission" id="CD2597AFBC8E4721AE177CAE4EFF4C89" action="add">
    <is_default>0</is_default>
    <related_id keyed_name="Student Mark" type="Permission">A95BEDA6380441D4996A75C1202039E0</related_id>
    <sort_order>256</sort_order>
    <source_id keyed_name="Student Mark" type="ItemType" name="Student Mark">83D6C2FE4F574AAEB97994399FDC2CF5</source_id>
   </Item>
  </Relationships>
 </Item>
 <Item type="ItemType" id="83D6C2FE4F574AAEB97994399FDC2CF5" action="edit">
  <Relationships>
   <Item type="Property" action="edit" where="source_id='83D6C2FE4F574AAEB97994399FDC2CF5' and name='superseded_date'">
    <column_alignment>left</column_alignment>
    <data_type>date</data_type>
    <is_hidden>1</is_hidden>
    <is_hidden2>1</is_hidden2>
    <is_indexed>0</is_indexed>
    <is_keyed>0</is_keyed>
    <is_multi_valued>0</is_multi_valued>
    <is_required>0</is_required>
    <label xml:lang="en">Superseded Date</label>
    <pattern>short_date_time</pattern>
    <range_inclusive>0</range_inclusive>
    <readonly>0</readonly>
    <sort_order>3200</sort_order>
    <source_id keyed_name="Student Mark" type="ItemType" name="Student Mark">83D6C2FE4F574AAEB97994399FDC2CF5</source_id>
    <track_history>0</track_history>
    <name>superseded_date</name>
   </Item>
  </Relationships>
 </Item>
</AML>